City,City,Cloudiness,Country,Date,Humidity,Lat,Lon,Max Temp,Wind Speed
0,albany,75,US,1569280847,78,42.65,-73.75,297.59,1.5
1,tuktoyaktuk,90,CA,1569281024,86,69.44,-133.03,277.15,2.6
2,kaitangata,100,NZ,1569281024,63,-46.28,169.85,282.04,4.92
3,hithadhoo,100,MV,1569281396,79,-0.6,73.08,300.4,5.93
4,bambous virieux,75,MU,1569281396,83,-20.34,57.76,294.15,7.2
5,pisco,0,PE,1569281395,30,-13.71,-76.2,295.15,6.2
6,sao gabriel da cachoeira,75,BR,1569281396,93,-0.13,-67.09,296.1,1.69
7,biaora,98,IN,1569281397,94,23.92,76.91,296.0,3.52
8,bredasdorp,0,ZA,1569281383,87,-34.53,20.04,282.04,2.1
9,chadan,41,RU,1569281397,79,51.29,91.58,282.8,1.91
10,kiruna,20,SE,1569281397,92,67.86,20.23,268.15,2.1
11,saint-pierre,0,FR,1569281397,82,48.95,4.24,289.15,4.6
12,punta arenas,75,CL,1569281398,81,-53.16,-70.91,283.15,9.3
13,busselton,33,AU,1569281399,68,-33.64,115.35,282.04,7.77
14,mataura,100,NZ,1569281392,93,-46.19,168.86,280.37,2.68
15,mar del plata,34,AR,1569281399,52,-46.43,-67.52,287.1,7.4
16,klaksvik,100,FO,1569281114,100,62.23,-6.59,284.15,7.7
17,isabela,0,PH,1569281399,80,10.2,122.99,300.2,2.61
18,laplace,1,US,1569281400,45,30.07,-90.48,303.71,3.1
19,russell,1,US,1569281400,32,38.9,-98.86,303.15,5.7
20,upernavik,100,GL,1569281401,93,72.79,-56.15,276.0,2.86
21,bethel,40,US,1569281401,70,60.79,-161.76,281.15,6.2
22,hovd,0,NO,1569281401,93,63.83,10.7,284.26,4.6
23,carnarvon,17,ZA,1569281404,41,-30.97,22.13,281.4,6.32
24,lasa,0,CY,1569281407,82,34.92,32.53,295.15,3.6
25,yellowknife,75,CA,1569281409,61,62.45,-114.38,282.15,7.7
26,roebourne,96,AU,1569281409,39,-20.77,117.15,294.0,8.7
27,daru,85,PG,1569281409,65,-9.07,143.21,300.1,4.83
28,auki,7,NG,1569281410,55,12.18,6.51,298.1,3.13
29,iqaluit,75,CA,1569281410,80,63.75,-68.52,276.15,2.6
30,pirgos,0,GR,1569281410,68,35.12,25.72,293.71,3.6
31,vaini,100,IN,1569281412,92,15.34,74.49,296.0,0.56
32,acapulco,75,MX,1569281413,74,16.86,-99.88,303.15,1.56
33,atuona,0,PF,1569281414,79,-9.8,-139.03,299.5,7.71
34,chicama,75,PE,1569281414,82,-7.84,-79.15,290.15,3.1
35,georgetown,75,GY,1569281415,78,6.8,-58.16,302.15,2.1
36,portland,75,US,1569281369,73,43.66,-70.25,298.15,3.1
37,lodja,12,CD,1569281415,80,-3.52,23.6,295.9,0.33
38,saint-philippe,90,CA,1569281416,94,45.36,-73.48,294.26,1.5
39,kastamonu,32,TR,1569281416,77,41.38,33.78,280.6,0.26
40,barrow,0,AR,1569281416,71,-38.31,-60.23,287.4,4.23
41,talnakh,75,RU,1569281417,86,69.49,88.39,276.15,9.0
42,hilo,40,US,1569281417,58,19.71,-155.08,304.15,6.7
43,stirling,75,GB,1569281417,93,56.12,-3.94,286.48,3.6
44,shimoda,75,JP,1569281418,83,34.7,138.93,299.82,7.7
45,virginia beach,40,US,1569281169,61,36.85,-75.98,301.15,4.1
46,codrington,40,AU,1569281419,60,-28.95,153.24,294.15,1.5
47,ossora,100,RU,1569281419,82,59.24,163.07,281.3,2.83
48,alyangula,0,AU,1569281419,69,-13.85,136.42,299.15,3.6
49,jamestown,0,AU,1569281420,53,-33.21,138.6,286.3,0.8
50,tiksi,97,RU,1569281420,91,71.64,128.87,274.7,0.39
51,port augusta,0,AU,1569281420,93,-32.49,137.76,284.82,2.88
52,castro,90,CL,1569281421,81,-42.48,-73.76,284.15,2.6
53,calama,0,CL,1569281421,9,-22.46,-68.93,294.15,8.2
54,tautira,40,PF,1569281421,74,-17.73,-149.15,302.15,8.2
55,shubarkuduk,0,KZ,1569281421,79,49.15,56.49,276.7,3.16
56,yertsevo,100,RU,1569281421,93,60.8,40.09,275.0,3.83
57,celestun,3,MX,1569281422,82,20.87,-90.4,301.4,9.69
58,chegdomyn,40,RU,1569281422,80,51.13,133.04,279.5,1.95
59,hamilton,20,CA,1569281146,68,43.26,-79.87,294.26,5.1
60,hualmay,100,PE,1569281423,94,-11.1,-77.61,289.4,5.57
61,mount isa,99,AU,1569281256,16,-20.73,139.49,296.15,5.1
62,tual,99,ID,1569281423,86,-5.67,132.75,299.2,6.57
63,port lincoln,7,AU,1569281423,70,-34.72,135.86,285.6,2.16
64,fuerte olimpo,16,BR,1569281424,36,-21.04,-57.87,302.8,1.98
65,ushuaia,75,AR,1569281424,75,-54.81,-68.31,281.15,3.1
66,gueret,0,FR,1569281425,82,46.17,1.87,288.15,1.0
67,ulladulla,0,AU,1569281425,50,-35.36,150.48,287.15,3.6
68,dikson,100,RU,1569281425,86,73.51,80.55,276.4,6.69
69,tukan,100,RU,1569281425,97,53.84,57.45,273.4,4.12
70,inhambane,100,MZ,1569281426,86,-23.87,35.38,293.2,4.67
71,la sarre,100,CA,1569281385,81,48.8,-79.2,284.0,2.8
72,panalingaan,15,PH,1569281426,73,8.78,117.42,300.8,2.12
73,kodiak,1,US,1569281426,54,39.95,-94.76,299.26,3.6
74,sieradz,75,PL,1569281426,87,51.6,18.74,283.15,3.1
75,longyearbyen,75,NO,1569281427,93,78.22,15.63,275.15,5.7
76,kyren,42,RU,1569281427,89,51.68,102.13,278.4,3.18
77,buraydah,0,SA,1569281427,26,26.33,43.97,301.15,3.1
78,rikitea,42,PF,1569281386,73,-23.12,-134.97,294.0,6.33
79,ancud,90,CL,1569281428,81,-41.87,-73.83,284.15,2.6
80,kozova,14,UA,1569281428,64,49.43,25.15,282.04,0.45
81,pinhao,0,BR,1569281428,84,-25.7,-51.66,284.0,2.6
82,khatanga,100,RU,1569281428,72,71.98,102.47,276.3,4.73
83,san vicente,40,EC,1569281428,69,-0.59,-80.41,298.15,5.1
84,provideniya,40,RU,1569281429,60,64.42,-173.23,277.15,4.0
85,saint george,20,GR,1569281204,88,39.45,22.34,290.15,0.74
86,solnechnyy,81,RU,1569281429,65,50.72,136.64,281.2,4.51
87,marsh harbour,0,BS,1569281429,79,26.54,-77.06,299.0,8.16
88,lata,1,IN,1569281429,75,30.78,78.62,274.6,0.31
89,phirangipuram,100,IN,1569281430,95,16.29,80.26,297.5,1.67
90,esperance,100,AU,1569281430,81,-33.86,121.89,283.15,8.7
91,nisia floresta,40,BR,1569281430,88,-6.09,-35.21,298.15,5.1
92,nikolskoye,75,RU,1569281398,56,59.7,30.79,278.15,3.0
93,airai,6,TL,1569281398,54,-8.93,125.41,301.9,0.35
94,lorengau,97,PG,1569281431,69,-2.02,147.27,302.2,2.41
95,porto novo,75,BR,1569281431,63,-23.68,-45.44,289.15,3.6
96,port alfred,38,ZA,1569281431,82,-33.59,26.89,287.04,1.79
97,ozernovskiy,100,RU,1569281432,71,51.5,156.52,284.0,4.73
98,thompson,75,CA,1569281432,43,55.74,-97.86,296.15,5.1
99,harindanga,75,IN,1569281432,94,22.04,88.32,299.15,4.8
100,butaritari,0,KI,1569281385,68,3.07,172.79,302.7,5.05
101,wadi musa,0,JO,1569281433,86,30.32,35.48,290.6,2.31
102,spring hill,1,US,1569281433,48,28.46,-82.54,303.15,2.6
103,severo-kurilsk,100,RU,1569281433,85,50.68,156.12,283.2,8.34
104,ucluelet,90,CA,1569281172,93,48.94,-125.55,287.59,5.1
105,jumla,57,NP,1569281433,94,29.28,82.18,281.5,1.07
106,nguru,0,NG,1569281434,22,12.88,10.45,302.4,2.37
107,aleksandrov gay,0,RU,1569281434,72,50.14,48.57,276.9,4.42
108,tura,100,RU,1569281434,86,64.27,100.22,277.6,6.07
109,east london,17,ZA,1569281434,82,-33.02,27.91,283.0,2.26
110,hobart,75,AU,1569281434,50,-42.88,147.33,285.37,7.7
111,nemuro,78,JP,1569281435,85,43.32,145.57,289.1,5.37
112,atambua,1,ID,1569281435,78,-9.11,124.89,298.9,2.57
113,puerto ayora,20,EC,1569281383,69,-0.74,-90.35,296.15,6.7
114,san policarpo,78,PH,1569281435,79,12.18,125.51,300.1,0.61
115,khani,0,GE,1569281435,93,41.96,42.96,283.15,2.1
116,lae,75,PG,1569281436,74,-6.72,146.98,299.15,1.5
117,hirado,75,JP,1569281436,78,33.32,129.49,297.59,4.6
118,los llanos de aridane,90,ES,1569281436,78,28.66,-17.92,295.15,4.6
119,coihaique,75,CL,1569281436,71,-45.58,-72.07,284.15,1.5
120,mogadishu,6,SO,1569281183,82,2.04,45.34,297.4,5.49
121,bluff,91,AU,1569281437,20,-23.58,149.07,299.0,7.21
122,broken hill,6,AU,1569281437,50,-31.97,141.45,285.15,5.1
123,nianzishan,1,CN,1569281437,90,47.51,122.88,287.59,2.1
124,flinders,0,AU,1569281437,50,-34.58,150.85,291.48,3.6
125,kudat,75,MY,1569281437,78,6.89,116.84,301.15,2.6
126,fier,100,AL,1569281438,87,40.73,19.56,294.1,3.77
127,ulaangom,55,MN,1569281438,43,49.98,92.07,284.8,0.49
128,lompoc,40,US,1569281438,77,34.64,-120.46,299.82,4.6
129,naples,40,IT,1569281199,88,40.84,14.25,295.93,1.0
130,yinchuan,0,CN,1569281438,34,38.48,106.21,290.5,0.78
131,otautau,100,NZ,1569281439,93,-46.14,168.0,280.37,2.24
132,nome,40,US,1569281439,66,30.04,-94.42,304.15,4.1
133,bowen,75,AU,1569281439,69,-20.01,148.25,296.15,3.1
134,shenjiamen,4,CN,1569281439,76,29.96,122.3,295.3,4.54
135,qaanaaq,100,GL,1569281440,79,77.48,-69.36,270.8,2.77
136,vrangel,0,RU,1569281440,57,42.73,133.08,288.8,3.54
137,huarmey,100,PE,1569281173,94,-10.07,-78.15,289.5,5.35
138,saskylakh,100,RU,1569281440,74,71.97,114.09,274.3,8.21
139,norman wells,75,CA,1569281372,61,65.28,-126.83,283.15,2.1
140,katobu,63,ID,1569281440,65,-4.94,122.53,301.1,3.05
141,kafue,0,ZM,1569281441,31,-15.74,28.18,294.3,2.68
142,nago,90,IT,1569281441,100,45.88,10.89,289.15,1.5
143,kavieng,76,PG,1569281441,66,-2.57,150.8,301.6,1.94
144,saint-georges,99,CA,1569281442,95,46.12,-70.67,292.04,2.47
145,szentgotthard,100,HU,1569281442,93,46.95,16.27,288.15,2.6
146,oppdal,10,NO,1569281442,87,62.6,9.69,278.3,0.41
147,kapaa,90,US,1569281443,88,22.08,-159.32,301.15,5.7
148,fortuna,1,US,1569281413,68,40.6,-124.16,298.71,6.7
149,fairbanks,1,US,1569281422,40,64.84,-147.72,285.37,2.6
150,nalut,0,LY,1569281443,24,31.86,10.98,301.1,0.43
151,nanortalik,99,GL,1569281443,82,60.14,-45.24,278.4,1.13
152,richards bay,33,ZA,1569281444,67,-28.77,32.06,291.9,9.76
153,constitucion,40,MX,1569281444,26,23.99,-104.67,299.15,3.6
154,san patricio,0,PY,1569281444,69,-26.98,-56.83,291.0,3.02
155,avarua,100,CK,1569281444,73,-21.21,-159.78,295.15,2.6
156,maloy,77,ID,1569281445,71,1.0,118.1,300.7,1.22
157,new norfolk,75,AU,1569281401,50,-42.78,147.06,285.37,7.7
158,carballo,40,ES,1569281445,93,43.21,-8.69,293.15,6.7
159,pevek,100,RU,1569281445,78,69.7,170.27,274.5,5.53
160,polyarnyy,75,RU,1569281445,78,69.2,33.45,275.15,3.0
161,kamenka,96,MD,1569281446,70,48.03,28.7,282.59,1.34
162,coos bay,1,US,1569281301,60,43.37,-124.22,296.48,6.2
163,tokur,72,RU,1569281446,82,53.13,132.9,278.2,0.29
164,barra patuca,0,HN,1569281446,73,15.8,-84.28,302.6,4.95
165,adrar,0,DZ,1569281446,9,27.87,-0.29,307.15,2.6
166,okha,100,RU,1569281447,78,53.59,142.95,282.7,13.64
167,belaya gora,77,RU,1569281447,47,68.54,146.19,273.4,0.88
168,chifeng,0,CN,1569281447,32,42.27,118.96,288.4,2.11
169,potchefstroom,0,ZA,1569281447,82,-26.71,27.1,284.8,4.37
170,ajdabiya,0,LY,1569281448,71,30.75,20.22,296.6,5.03
171,cidreira,45,BR,1569281448,67,-30.17,-50.22,288.3,6.31
172,hermanus,0,ZA,1569281388,94,-34.42,19.24,287.59,4.04
173,cancun,75,MX,1569281253,100,21.17,-86.85,299.15,2.1
174,tasiilaq,100,GL,1569281448,87,65.61,-37.64,280.15,14.4
175,tezu,100,IN,1569281448,99,27.93,96.16,292.2,1.14
176,luderitz,0,NA,1569281449,12,-26.65,15.16,295.15,6.2
177,makat,8,KZ,1569281449,60,47.65,53.35,280.2,1.16
178,moundou,38,TD,1569281449,83,8.57,16.07,296.8,1.04
179,cherskiy,70,RU,1569281450,77,68.75,161.3,273.7,1.0
180,maragogi,80,BR,1569281450,94,-9.01,-35.22,294.3,1.67
181,sao filipe,83,CV,1569281450,82,14.9,-24.5,301.2,5.19
182,ribeira grande,96,PT,1569281451,67,38.52,-28.7,294.3,5.56
183,bilibino,17,RU,1569281451,66,68.06,166.44,269.2,1.3
184,shingu,75,JP,1569281451,78,33.72,135.99,295.15,1.5
185,kralendijk,20,BQ,1569281451,79,12.15,-68.27,302.15,1.5
186,talaya,0,RU,1569281452,87,55.79,84.89,280.37,6.0
187,chokurdakh,100,RU,1569281452,68,70.62,147.9,272.5,1.35
188,cape town,0,ZA,1569281226,72,-33.93,18.42,288.15,6.2
189,hambantota,100,LK,1569281412,84,6.12,81.12,299.9,10.63
190,pangkalanbuun,94,ID,1569281452,82,-2.68,111.62,299.5,0.16
191,inverness,70,GB,1569281452,93,57.48,-4.23,285.37,2.1
192,kuusamo,75,FI,1569281255,86,65.96,29.19,272.15,2.6
193,victoria,75,BN,1569281453,66,5.28,115.24,302.15,2.6
194,lebu,100,ET,1569281452,97,8.96,38.73,286.3,1.33
195,itoman,75,JP,1569281453,69,26.12,127.67,299.15,6.2
196,cap malheureux,75,MU,1569281453,83,-19.98,57.61,294.15,7.2
197,kahului,40,US,1569281453,49,20.89,-156.47,306.15,9.8
198,meulaboh,31,ID,1569281453,80,4.14,96.13,300.3,2.56
199,jacareacanga,45,BR,1569281454,50,-6.22,-57.76,301.7,1.13
200,grindavik,90,IS,1569281156,93,63.84,-22.43,284.15,3.6
201,salalah,75,OM,1569281454,78,17.01,54.1,300.15,2.1
202,salamiyah,0,SY,1569281454,79,35.01,37.05,286.8,1.55
203,peniche,0,PT,1569281454,82,39.36,-9.38,291.15,0.5
204,rockland,40,CA,1569281454,88,45.55,-75.29,292.15,5.1
205,faya,0,SA,1569281455,67,18.39,42.45,293.15,1.19
206,waddan,0,LY,1569281455,36,29.16,16.14,297.2,3.46
207,arlit,0,NE,1569281455,13,18.74,7.39,305.8,5.54
208,lavrentiya,0,RU,1569281188,48,65.58,-170.99,274.3,3.23
209,vardo,90,US,1569281455,57,39.62,-77.74,300.93,3.1
210,port blair,93,IN,1569281456,82,11.67,92.75,300.3,6.15
211,pryazha,86,RU,1569281456,86,61.69,33.62,276.15,3.0
212,ambilobe,45,MG,1569281456,74,-13.19,49.05,294.7,1.93
213,yamada,75,JP,1569281456,88,36.58,137.08,295.37,1.0
214,san quintin,0,PH,1569281457,78,17.54,120.52,299.2,1.36
215,dunmore,90,US,1569281457,65,41.42,-75.63,298.15,6.2
216,sorland,100,NO,1569281457,53,67.67,12.69,282.1,2.72
217,tagusao,4,PH,1569281457,68,9.19,117.81,300.3,0.84
218,zlobin,90,HR,1569281458,68,45.29,14.65,293.71,1.5
219,kaltasy,93,RU,1569281458,95,55.97,54.79,272.8,3.1
220,nerchinskiy zavod,34,RU,1569281458,54,51.31,119.61,280.8,0.25
221,tabou,100,CI,1569281458,95,4.42,-7.36,296.8,2.04
222,kushima,75,JP,1569281447,83,31.5,131.29,296.15,2.6
223,sept-iles,40,CA,1569281450,62,50.2,-66.38,286.15,3.1
224,gat,27,SN,1569281182,74,14.69,-16.54,302.15,3.53
225,zlitan,17,LY,1569281242,50,32.47,14.57,299.7,5.64
226,bonavista,100,CA,1569281459,85,48.65,-53.11,289.26,6.71
227,umm kaddadah,23,SD,1569281459,65,13.6,26.69,300.3,7.95
228,whakatane,100,NZ,1569281459,90,-37.96,176.99,288.15,4.47
229,mayya,75,RU,1569281460,80,61.74,130.28,275.15,5.0
230,brae,96,GB,1569281412,100,60.4,-1.35,285.15,9.8
231,kartaly,34,RU,1569281460,76,53.05,60.64,275.7,6.92
232,rockport,1,US,1569281460,62,28.02,-97.05,305.15,6.2
233,faanui,25,PF,1569281461,79,-16.48,-151.75,300.0,6.27
234,evensk,100,RU,1569281461,68,61.92,159.24,278.1,8.54
235,flin flon,75,CA,1569281461,52,54.77,-101.88,291.15,8.7
236,yerbogachen,44,RU,1569281461,76,61.28,108.01,277.2,5.44
237,kruisfontein,0,ZA,1569281462,82,-34.0,24.73,282.5,2.92
238,ostrovnoy,100,RU,1569281462,92,68.05,39.51,275.4,9.9
239,mabaruma,85,GY,1569281462,97,8.2,-59.78,296.6,0.78
240,sao jose da coroa grande,80,BR,1569281462,94,-8.9,-35.15,294.3,1.67
241,quatre cocos,75,MU,1569281463,83,-20.21,57.76,294.15,7.2
242,semaria,94,IN,1569281463,94,24.31,79.97,295.3,2.66
243,harper,40,US,1569281463,38,30.3,-99.24,306.15,4.6
244,severodvinsk,40,RU,1569281464,80,64.56,39.82,277.15,4.0
245,los andes,0,CL,1569281464,45,-32.83,-70.6,292.59,4.6
246,maceio,40,BR,1569281464,83,-9.67,-35.74,297.15,3.1
247,tevaitoa,22,PF,1569281464,79,-16.78,-151.5,299.7,6.11
248,omboue,38,GA,1569281465,87,-1.57,9.26,298.0,5.1
249,chuy,20,UY,1569281465,77,-33.69,-53.46,284.9,4.91
250,khanpur,0,PK,1569281465,38,28.65,70.66,304.8,3.3
251,kudahuvadhoo,100,MV,1569281465,78,2.67,72.89,300.7,7.18
252,la ronge,75,CA,1569281465,39,55.1,-105.3,290.15,5.7
253,port moresby,75,PG,1569281466,78,-9.47,147.16,299.15,4.1
254,kabanjahe,58,ID,1569281466,93,3.1,98.49,294.0,0.85
255,hornepayne,43,CA,1569281466,71,49.22,-84.78,284.0,0.57
256,mezen,99,RU,1569281466,90,65.85,44.24,277.3,5.72
257,saurimo,82,AO,1569281467,57,-9.66,20.4,295.8,1.04
258,port hardy,90,CA,1569281467,87,50.7,-127.42,286.15,4.1
259,miri,70,NG,1569281467,84,10.31,9.75,296.3,2.46
260,torbay,90,CA,1569281467,87,47.66,-52.73,290.37,9.8
261,ahipara,79,NZ,1569281467,100,-35.17,173.16,288.15,14.42
262,manjo,100,CM,1569281468,98,4.85,9.82,293.6,1.02
263,chumikan,0,RU,1569281221,61,54.72,135.31,278.3,4.49
264,olinda,90,AU,1569281469,71,-37.84,145.39,285.93,5.1
265,batemans bay,0,AU,1569281469,63,-35.71,150.18,288.71,1.42
266,burnie,72,AU,1569281469,49,-41.05,145.91,287.59,3.58
267,christchurch,0,NZ,1569281469,47,-43.53,172.64,290.93,4.1
268,saldanha,3,PT,1569281470,73,41.42,-6.55,288.0,1.06
269,havre-saint-pierre,75,CA,1569281470,62,50.23,-63.6,286.15,3.1
270,ukiah,1,US,1569281470,18,39.15,-123.21,306.48,2.06
271,ambon,90,FR,1569281470,100,47.55,-2.56,291.15,5.7
272,mahebourg,75,MU,1569281470,83,-20.41,57.7,294.15,7.2
273,waingapu,73,ID,1569281428,70,-9.65,120.26,299.1,5.5
274,lagunas,93,PE,1569281471,93,-5.23,-75.68,297.1,1.59
275,san jeronimo,89,PE,1569281471,90,-13.65,-73.37,284.2,2.15
276,bara,36,NG,1569281471,87,10.41,10.6,297.6,2.59
277,namibe,40,AO,1569281472,86,-15.19,12.15,292.9,1.43
278,onalaska,1,US,1569281472,38,43.88,-91.23,297.15,3.6
279,grand gaube,75,MU,1569281472,83,-20.01,57.66,294.15,7.2
280,bissendorf,40,DE,1569281472,100,52.23,8.17,286.48,1.0
281,leningradskiy,100,RU,1569281472,81,69.38,178.42,276.7,4.47
282,tuatapere,98,NZ,1569281473,93,-46.13,167.69,280.37,2.24
283,salta,0,AR,1569281473,37,-24.79,-65.41,295.15,1.5
284,pimenta bueno,55,BR,1569281473,54,-11.68,-61.19,301.5,0.76
285,kiyasovo,60,RU,1569281473,93,56.35,53.12,273.71,2.26
286,cabra,68,ES,1569281474,68,37.47,-4.43,292.04,0.91
287,phaltan,100,IN,1569281474,89,17.99,74.43,294.7,1.73
288,zaysan,17,KZ,1569281474,74,47.47,84.87,284.7,1.17
289,monster,100,NL,1569281474,77,52.03,4.17,290.37,4.1
290,petropavlovsk-kamchatskiy,36,RU,1569281475,70,53.05,158.65,282.15,2.0
291,vangaindrano,20,MG,1569281475,96,-23.35,47.6,290.7,1.78
292,nador,0,MA,1569281180,68,35.17,-2.93,294.15,0.5
293,laguna,20,BZ,1569281475,70,16.17,-88.94,304.15,0.95
294,picos,56,BR,1569281475,43,-7.08,-41.47,300.2,2.14
295,svencionys,92,LT,1569281476,78,55.15,26.17,275.6,1.19
296,arvika,74,SE,1569281476,93,59.65,12.59,278.15,2.6
297,dingle,0,PH,1569281476,83,11.0,122.67,300.3,2.92
298,pitimbu,20,BR,1569281476,88,-7.47,-34.81,297.15,3.6
299,geraldton,40,CA,1569281416,58,49.72,-86.95,287.15,2.6
300,marrakesh,71,MA,1569281477,50,31.63,-7.99,297.15,0.5
301,riyadh,0,SA,1569281477,24,24.63,46.72,301.15,1.5
302,alofi,75,NU,1569281447,53,-19.06,-169.92,297.15,7.7
303,diego de almagro,9,CL,1569281477,87,-26.39,-70.05,283.6,0.25
304,poddorye,100,RU,1569281477,90,57.47,31.12,276.2,2.22
305,san lawrenz,20,MT,1569281432,94,36.06,14.2,298.15,4.1
306,vila velha,75,BR,1569281397,78,-3.71,-38.6,300.15,5.1
307,oxapampa,96,PE,1569281478,97,-10.58,-75.4,285.4,1.35
308,sao desiderio,16,BR,1569281478,32,-12.36,-44.97,296.0,2.81
309,colares,0,PT,1569281479,82,38.8,-9.45,291.48,0.5
310,karasjok,0,NO,1569281479,88,69.47,25.52,277.15,6.2
311,kasongo-lunda,60,CD,1569281480,85,-6.48,16.82,294.4,0.69
312,esso,57,RU,1569281480,48,55.93,158.7,281.1,2.37
313,alice springs,40,AU,1569281480,66,-23.7,133.88,286.15,4.1
314,cabo san lucas,40,MX,1569281309,78,22.89,-109.91,305.15,5.1
315,pervomayskoye,46,RU,1569281481,86,57.07,86.23,279.0,7.12
316,palauig,0,PH,1569281481,77,15.44,119.9,301.1,4.14
317,chisinau,0,MD,1569281481,58,47.01,28.86,288.15,3.1
318,batagay,19,RU,1569281481,72,67.65,134.64,276.9,0.77
319,thaton,61,MM,1569281482,81,16.91,97.37,299.3,3.29
320,labuhan,58,ID,1569281482,61,-2.54,115.51,300.6,0.36
321,tefe,20,BR,1569281482,88,-3.35,-64.71,300.15,1.42
322,olga,1,US,1569281482,60,34.11,-118.17,302.59,3.6
323,tarakan,40,ID,1569281483,94,3.3,117.63,299.15,2.1
324,egvekinot,72,RU,1569281483,59,66.32,-179.17,272.7,1.42
325,bergerac,0,FR,1569281483,93,44.85,0.49,290.93,2.1
326,tsybuliv,100,UA,1569281483,42,49.08,29.85,282.9,4.37
327,killam,86,CA,1569281483,59,52.79,-111.86,287.4,2.77
328,sitka,0,US,1569281484,52,37.17,-99.65,302.59,6.71
329,batticaloa,98,LK,1569281484,91,7.71,81.69,297.7,1.14
330,tete,0,MZ,1569281484,39,-16.16,33.59,299.15,1.5
331,boa vista,40,BR,1569281193,62,2.82,-60.67,302.15,2.6
332,kitui,70,KE,1569281484,82,-1.37,38.02,291.4,3.78
333,rio verde de mato grosso,12,BR,1569281485,39,-18.92,-54.84,302.5,4.0
334,delmas,40,HT,1569281485,79,18.55,-72.29,302.15,3.1
335,ponta do sol,36,BR,1569281486,63,-20.63,-46.0,292.2,6.31
336,rio grande,30,BR,1569281373,79,-32.03,-52.1,287.59,0.89
337,bintulu,75,MY,1569281486,94,3.17,113.03,298.15,1.0
338,ponta delgada,20,PT,1569281486,82,37.73,-25.67,294.82,2.6
339,vanimo,97,PG,1569281445,76,-2.67,141.3,300.2,0.71
340,vao,100,EE,1569281487,70,59.1,26.19,280.1,2.63
341,manaure,75,CO,1569281487,74,11.78,-72.45,302.15,3.1
342,koslan,96,RU,1569281487,96,63.46,48.9,274.3,2.26
343,kadiri,100,IN,1569281487,87,14.11,78.16,296.2,2.47
344,kostomuksha,8,RU,1569281487,95,64.59,30.6,271.5,2.69
345,poum,90,MK,1569281488,93,41.28,20.71,286.15,1.5
346,ledyard,75,US,1569281490,88,41.44,-72.02,298.71,5.1
347,pringsewu,27,ID,1569281490,77,-5.36,104.98,296.7,1.17
348,zhanakorgan,0,KZ,1569281490,32,43.91,67.25,284.0,3.57
349,tupik,87,RU,1569281490,63,54.43,119.94,275.9,1.29
350,xuanwu,0,CN,1569281490,88,32.07,118.81,297.59,2.0
351,netanya,20,IL,1569281491,69,32.33,34.86,297.04,1.5
352,iturama,37,BR,1569281491,52,-19.73,-50.2,299.9,2.0
353,boden,18,SE,1569281491,92,65.83,21.69,272.15,1.0
354,portmarnock,20,IE,1569281492,87,53.42,-6.14,289.15,3.1
355,east migpulao,21,PH,1569281492,80,7.63,123.36,300.3,1.6
356,socorro,1,US,1569281492,31,31.65,-106.3,305.15,3.1
357,luz,66,BR,1569281492,56,-19.79,-45.68,293.6,5.64
358,mehamn,95,NO,1569281492,77,71.03,27.85,276.0,6.56
359,luganville,75,VU,1569281493,65,-15.51,167.18,300.15,6.7
360,varhaug,40,NO,1569281493,71,58.61,5.65,287.04,6.2
361,mulchen,0,CL,1569281493,84,-37.72,-72.23,283.0,2.27
362,jalu,0,LY,1569281494,57,29.03,21.55,294.3,4.11
363,saint-augustin,90,CA,1569281494,100,45.63,-73.98,294.26,2.1
364,pangnirtung,40,CA,1569281495,80,66.15,-65.72,277.15,6.2
365,pandhana,100,IN,1569281495,93,21.73,76.26,297.3,1.76
366,henties bay,0,NA,1569281495,85,-22.12,14.28,287.59,0.45
367,bugene,20,TZ,1569281495,62,-1.59,31.14,292.4,1.07
368,maamba,10,ZM,1569281496,32,-17.36,27.22,293.5,2.26
369,fort walton beach,20,US,1569281490,54,30.41,-86.62,303.15,4.1
370,srednekolymsk,91,RU,1569281496,72,67.46,153.71,272.7,2.0
371,foam lake,85,CA,1569281496,42,51.65,-103.53,290.9,5.07
372,yala,18,TH,1569281254,93,6.54,101.28,296.5,0.52
373,salinopolis,24,BR,1569281497,80,-0.61,-47.36,300.1,7.42
374,puerto escondido,90,MX,1569281497,69,15.86,-97.07,301.15,1.56
375,camacha,20,PT,1569281381,77,33.08,-16.33,294.15,1.0
376,zheshart,81,RU,1569281497,98,62.09,49.59,271.7,2.16
377,lazaro cardenas,20,MX,1569281498,51,28.39,-105.62,301.15,4.1
378,pathein,63,MM,1569281498,89,16.78,94.73,296.7,1.88
379,gumdag,0,TM,1569281498,30,39.2,54.59,291.9,2.72
380,tarrafal,77,CV,1569281498,88,15.28,-23.77,300.2,7.06
381,demyansk,100,RU,1569281498,91,57.64,32.46,275.9,2.3
382,coron,90,FR,1569281499,87,47.13,-0.65,289.82,4.1
383,aklavik,90,CA,1569281499,81,68.22,-135.01,279.15,2.1
384,gannan,6,CN,1569281499,51,47.92,123.49,285.2,3.29
385,vestmannaeyjar,100,IS,1569281500,94,63.44,-20.27,283.5,6.5
386,carutapera,57,BR,1569281500,79,-1.2,-46.02,298.9,2.86
387,alekseyevsk,2,RU,1569281500,69,57.84,108.35,278.9,2.03
388,taylor,75,CA,1569281501,50,56.15,-120.68,286.15,7.7
389,hasaki,40,JP,1569281460,69,35.73,140.83,300.15,2.1
390,ixtapa,75,MX,1569281501,70,20.71,-105.21,306.15,3.6
391,isangel,20,VU,1569281501,47,-19.55,169.27,300.15,5.1
392,iquitos,20,PE,1569281501,66,-3.75,-73.25,303.15,1.5
393,cardston,40,CA,1569281501,47,49.2,-113.32,291.15,12.3
394,mount gambier,33,AU,1569281500,87,-37.83,140.78,284.15,3.6
395,liverpool,97,GB,1569281424,87,53.41,-2.98,289.26,2.6
396,verkhnyaya inta,100,RU,1569281502,96,65.99,60.32,273.7,7.81
397,dustlik,16,UZ,1569281502,32,40.53,68.03,285.2,2.31
398,walvis bay,0,NA,1569281502,72,-22.95,14.51,288.15,4.1
399,bandipur,100,IN,1569281502,98,11.67,76.63,291.7,0.04
400,iquique,40,CL,1569281503,72,-20.22,-70.14,289.15,6.2
401,juneau,90,US,1569281503,81,58.3,-134.42,283.15,4.6
402,viedma,0,AR,1569281503,36,-40.81,-62.99,285.7,2.44
403,imeni poliny osipenko,46,RU,1569281503,50,52.42,136.49,283.1,4.84
404,maputo,75,MZ,1569281406,56,-25.97,32.57,293.15,5.1
405,mareeba,40,AU,1569281456,61,-16.99,145.42,300.93,6.7
406,sangar,12,RU,1569281504,81,63.92,127.47,276.6,4.58
407,idar-oberstein,20,DE,1569281504,87,49.71,7.31,285.37,2.6
408,saint-gaudens,90,FR,1569281504,77,43.11,0.72,290.37,2.6
409,kenai,1,US,1569281504,54,60.55,-151.26,286.48,6.7
410,port elizabeth,1,US,1569281434,57,39.31,-74.98,303.15,1.5
411,otjiwarongo,0,NA,1569281505,14,-20.46,16.65,291.7,6.63
412,voi,48,KE,1569281505,86,-3.4,38.57,291.9,3.78
413,korhogo,39,CI,1569281505,90,9.46,-5.63,296.0,1.02
414,sao joao da barra,82,BR,1569281505,81,-21.64,-41.05,289.7,2.79
415,houma,11,CN,1569281505,51,35.63,111.36,292.9,0.93
416,ormara,0,PK,1569281506,76,25.21,64.64,301.4,0.87
417,roura,0,GF,1569281506,83,4.73,-52.33,300.15,1.0
418,bhag,0,PK,1569281506,35,29.04,67.82,304.4,1.58
419,yulara,90,AU,1569281506,71,-25.24,130.99,286.15,5.7
420,tigbao,8,PH,1569281507,75,11.26,124.97,300.1,2.71
421,zhigansk,30,RU,1569281507,75,66.77,123.37,275.2,0.31
422,condado,20,BR,1569281507,88,-7.59,-35.1,299.15,3.6
423,bati,0,ET,1569281507,42,11.19,40.02,292.7,3.6
424,rawson,33,AR,1569281507,42,-43.3,-65.11,290.3,5.49
425,santa cruz,26,BR,1569281508,80,-6.22,-36.02,295.1,8.82
426,sistranda,0,NO,1569281506,81,63.73,8.83,284.26,4.6
427,natal,40,BR,1569281508,88,-5.81,-35.21,298.15,5.1
428,birao,100,CF,1569281508,86,10.3,22.78,296.1,2.54
429,bathsheba,75,BB,1569281238,88,13.22,-59.52,300.15,2.6
430,nouakchott,0,MR,1569281509,74,18.08,-15.98,301.15,6.7
431,plastun,47,RU,1569281509,51,44.76,136.29,284.0,5.26
432,arraial do cabo,90,BR,1569281507,68,-22.97,-42.02,293.15,3.1
433,buala,100,SB,1569281509,81,-8.15,159.59,299.6,2.2
434,benguela,70,AO,1569281509,85,-12.58,13.4,294.8,2.63
435,preobrazheniye,0,RU,1569281510,57,42.9,133.91,288.4,3.72
436,high rock,20,BS,1569281510,74,26.63,-78.28,300.15,7.2
437,inuvik,90,CA,1569281510,93,68.36,-133.71,279.15,3.1
438,okato,100,NZ,1569281510,99,-39.19,173.88,283.15,4.47
439,pimentel,63,BR,1569281510,76,-3.7,-45.5,299.0,1.57
440,hirara,20,JP,1569281511,69,24.8,125.28,299.15,6.2
441,yichun,0,CN,1569281511,55,47.72,128.88,283.2,4.08
442,sovetskiy,21,RU,1569281511,97,56.76,48.47,271.2,3.43
443,kieta,100,PG,1569281511,88,-6.22,155.63,298.5,4.97
444,eureka,1,US,1569281495,56,40.8,-124.16,298.71,8.7
445,sambava,77,MG,1569281512,78,-14.27,50.17,294.0,1.52
446,caravelas,100,BR,1569281512,70,-17.73,-39.27,295.3,9.96
447,necochea,0,AR,1569281512,68,-38.55,-58.74,285.37,2.68
448,kapuskasing,90,CA,1569281454,67,49.42,-82.43,287.15,2.1
449,marshall,1,US,1569281513,57,39.12,-93.2,300.15,2.1
450,inongo,52,CD,1569281513,77,-1.93,18.29,298.0,1.07
451,mykolayiv,80,UA,1569281513,60,46.97,32.0,284.9,4.24
452,nishihara,1,JP,1569281471,69,35.74,139.53,303.15,2.6
453,ngunguru,100,NZ,1569281514,93,-35.62,174.5,288.15,8.94
454,kaeo,100,NZ,1569281514,100,-35.1,173.78,288.15,7.68
455,marawi,11,PH,1569281514,76,8.0,124.29,298.71,3.58
456,napasar,0,IN,1569281515,62,27.97,73.56,301.0,4.44
457,padang,67,ID,1569281515,86,-0.92,100.36,298.9,5.12
458,zaraza,90,VE,1569281515,95,9.35,-65.33,296.5,1.61
459,takoradi,6,GH,1569281515,96,4.89,-1.75,296.2,1.68
460,puerto suarez,2,BO,1569281516,62,-18.96,-57.8,303.15,2.41
461,agirish,100,RU,1569281516,86,61.92,63.02,273.4,4.16
462,tokoroa,100,NZ,1569281516,92,-38.22,175.87,288.71,4.73
463,santa clara,75,CU,1569281302,88,22.41,-79.97,300.15,2.6
464,broome,98,GB,1569281472,93,52.47,1.45,289.82,6.7
465,sterling,90,US,1569281517,39,39.0,-77.4,303.71,2.1
466,pervomaysk,96,RU,1569281517,93,54.87,43.81,275.8,4.24
467,noumea,40,NC,1569281483,50,-22.28,166.46,297.15,4.1
468,kargasok,100,RU,1569281517,56,59.06,80.87,282.9,7.37
469,havelock,1,US,1569281255,64,34.88,-76.9,298.15,2.6
470,akdepe,0,TM,1569281517,51,42.05,59.39,288.15,4.1
471,kavaratti,63,IN,1569281518,79,10.57,72.64,300.7,4.1
472,cayenne,0,GF,1569281518,83,4.94,-52.33,300.15,1.0
473,baghmara,88,IN,1569281518,88,23.8,86.21,297.3,2.16
474,port hedland,94,AU,1569281518,52,-20.31,118.58,293.15,5.7
475,narsaq,97,GL,1569281461,75,60.91,-46.05,278.15,0.5
476,ravar,0,IR,1569281519,16,31.27,56.81,290.0,1.53
477,fallon,75,US,1569281519,46,46.84,-105.12,298.15,4.1
478,katsuura,75,JP,1569281519,73,33.93,134.5,295.37,3.1
479,seoul,1,KR,1569281284,87,37.57,126.98,291.15,0.5
480,dunedin,87,NZ,1569281519,43,-45.87,170.5,285.93,5.36
481,babol,90,IR,1569281520,94,36.55,52.68,293.15,2.1
482,plouzane,90,FR,1569281404,100,48.38,-4.62,290.37,7.7
483,finschhafen,99,PG,1569281520,73,-6.6,147.85,295.4,2.3
484,pyapon,37,MM,1569281520,89,16.29,95.68,297.8,1.61
485,scarborough,100,GB,1569281479,93,54.28,-0.41,288.71,4.6
486,komsomolskiy,100,RU,1569281490,95,67.55,63.78,273.9,6.05
487,ust-kut,14,RU,1569281521,85,56.78,105.75,281.1,2.92
488,coquimbo,75,CL,1569281462,76,-29.95,-71.34,285.15,3.6
489,mitu,0,IR,1569281521,38,36.2,46.09,284.3,2.71
490,tazovskiy,100,RU,1569281521,95,67.47,78.7,274.3,14.6
491,lukovetskiy,40,RU,1569281522,80,64.29,41.92,277.15,4.0
492,rocha,24,UY,1569281522,84,-34.48,-54.34,281.4,2.48
493,farafangana,20,MG,1569281522,97,-22.82,47.83,290.0,1.07
494,casablanca,20,MA,1569280856,82,33.6,-7.62,292.15,2.6
495,ilulissat,98,GL,1569281495,86,69.22,-51.1,276.15,1.0
496,bambanglipuro,96,ID,1569281523,86,-7.95,110.28,296.9,4.41
497,biak,57,ID,1569281523,63,-0.91,122.88,293.1,1.76
498,brufut,56,GM,1569281523,83,13.38,-16.75,300.5,4.71
499,nassjo,0,SE,1569281524,86,57.65,14.7,277.59,3.78
500,bani walid,46,LY,1569281524,36,31.76,14.0,299.2,4.13
501,bozoum,89,CF,1569281524,93,6.31,16.38,292.6,1.35
502,waitati,87,NZ,1569281524,43,-45.75,170.57,285.93,5.36
503,hays,1,US,1569281524,37,38.88,-99.33,302.15,5.1
504,turukhansk,53,RU,1569281310,83,65.8,87.96,275.0,9.31
505,kharp,100,RU,1569281525,94,66.82,65.8,272.1,4.49
506,barabai,79,ID,1569281525,65,-2.59,115.38,301.6,0.37
507,jacksonville,20,US,1569281525,54,30.33,-81.66,301.15,3.1
508,sayat,0,TM,1569281525,48,38.78,63.88,289.15,4.1
509,buchanan,75,LR,1569281525,94,5.88,-10.05,298.15,5.17
510,monte alegre,40,BR,1569281526,88,-6.07,-35.33,298.15,5.1
511,kumluca,0,TR,1569281526,75,36.37,30.29,285.6,1.0
512,deputatskiy,99,RU,1569281400,89,69.3,139.9,273.0,1.25
513,ingham,100,AU,1569281526,60,-18.65,146.16,297.1,2.03
514,karratha,96,AU,1569281527,40,-20.74,116.85,294.2,9.85
515,anloga,20,GH,1569281527,88,5.79,0.9,299.15,3.6
516,gumrak,0,RU,1569281527,80,48.78,44.38,275.15,3.0
517,lagoa,0,PT,1569281527,72,37.14,-8.45,292.15,1.5
518,avera,1,US,1569281522,39,33.19,-82.53,305.15,0.23
519,haines junction,99,CA,1569281528,61,60.75,-137.51,278.1,2.37
520,cartagena,100,ES,1569281528,83,37.63,-1.0,294.82,1.5
521,santo tomas,20,PH,1569281528,83,7.53,125.62,300.93,1.5
522,thinadhoo,100,MV,1569281528,75,0.53,72.93,300.8,6.21
523,thunder bay,40,CA,1569281529,52,48.41,-89.26,293.15,2.1
524,fort nelson,75,CA,1569281529,25,58.81,-122.69,289.15,3.1
525,huancavelica,83,PE,1569281529,80,-12.79,-74.97,277.9,2.89
526,brigantine,1,US,1569281529,74,39.41,-74.36,301.15,4.6
527,thoen,93,TH,1569281530,94,17.61,99.22,294.0,0.94
528,nuuk,75,GL,1569281530,93,64.17,-51.74,276.15,2.6
529,tombouctou,0,ML,1569281506,11,16.77,-3.01,308.8,3.42
530,tamale,95,GH,1569281531,84,9.4,-0.84,298.4,2.53
531,senneterre,90,CA,1569281531,87,48.39,-77.24,285.15,4.1
532,bealanana,44,MG,1569281531,89,-14.54,48.75,287.3,3.07
533,bulgan,26,MN,1569281531,47,48.81,103.53,285.2,1.65
534,kirakira,100,SB,1569281532,77,-10.46,161.92,300.7,3.48
535,traverse city,75,US,1569281511,68,44.76,-85.62,293.15,4.6
536,sioux lookout,20,CA,1569281532,52,50.1,-91.92,292.15,2.1
537,moerai,100,PF,1569281533,85,-22.43,-151.33,294.8,7.72
538,bougouni,29,ML,1569281533,83,11.42,-7.49,297.8,1.26
539,ariquemes,58,BR,1569281533,69,-9.91,-63.03,300.1,1.26
540,la peca,97,PE,1569281533,83,-5.61,-78.44,293.9,1.84
541,paamiut,100,GL,1569281437,70,61.99,-49.67,278.4,5.1
542,rawlins,1,US,1569281534,11,41.79,-107.24,296.15,8.2
543,brunswick,90,DE,1569281401,93,52.26,10.53,288.15,1.5
544,vostok,67,RU,1569281534,82,46.45,135.83,281.4,4.43
545,chapais,90,CA,1569281534,76,49.78,-74.86,284.15,3.6
546,anchorage,40,US,1569281239,54,61.22,-149.89,286.48,3.6
547,tomatlan,26,MX,1569281535,81,19.93,-105.25,301.2,7.09
548,seydisehir,0,TR,1569281535,51,37.42,31.85,282.7,0.85
549,abonnema,75,NG,1569281535,83,4.71,6.79,300.15,1.5
550,luangwa,3,MZ,1569281535,32,-15.62,30.4,295.1,1.83
551,baruun-urt,0,MN,1569281536,47,46.68,113.28,286.3,3.33
552,saint-michel-des-saints,98,CA,1569281536,9,46.68,-73.92,289.82,3.48
553,sabang,12,PH,1569281536,91,13.8,121.11,299.82,1.67
554,balagansk,33,RU,1569281536,85,54.01,103.05,285.2,2.8
555,yumen,0,CN,1569281466,29,40.29,97.04,287.8,3.44
556,isiro,83,CD,1569281537,98,2.77,27.62,293.3,0.67
557,batouri,59,CM,1569281537,97,4.44,14.36,293.5,1.95
558,prieska,2,ZA,1569281537,46,-29.67,22.74,281.5,5.36
559,pacific grove,1,US,1569281538,56,36.62,-121.92,303.71,3.1
560,matviyivka,78,UA,1569281538,55,47.07,35.14,285.7,2.73
561,ribas do rio pardo,24,BR,1569281538,48,-20.45,-53.76,299.0,4.85
562,bandarbeyla,42,SO,1569281538,69,9.49,50.81,297.5,9.36
563,ust-nera,34,RU,1569281539,66,64.57,143.24,272.9,3.19
564,weiser,1,US,1569281539,36,44.25,-116.97,297.15,2.6
565,teknaf,100,BD,1569281539,79,20.86,92.31,301.0,5.37
566,yar-sale,100,RU,1569281539,97,66.83,70.83,273.6,6.95
567,lakes entrance,3,AU,1569281359,49,-37.88,147.99,287.59,1.34
